{
"Gates": [
    {
        "gateName": "Pauli X gate",
        "qid": "X",
        "qasmid" : "x",
        "description": "Pauli X gate (π rotation over X-axis) classical computing equivalent: \"NOT\" gate.",
        "img" : "x_gate.svg"
    },
    {
        "gateName": "Pauli Y gate",
        "qid": "XZ",
        "qasmid" : "y",
        "description": "Pauli Y gate (π rotation over Y-axis) classical computing equivalent: \"NOT\" gate.",
        "img" : "y_gate.svg"
    },
    {
        "gateName": "Pauli Z gate",
        "qid": "Z",
        "qasmid" : "z",
        "description": "Pauli Z gate (π rotation over Z-axis) classical computing equivalent: \"NOT\" gate.",
        "img" : "z_gate.svg"
    },
    {
        "gateName": "Rotated Pauli X gate",
        "qid": "xrot",
        "qasmid" : "rx",
        "description": "RX (Rotated Pauli X gate) is a single-qubit rotation through an angle of π/2 around the x-axis.",
        "img" : "x_gate.svg",
        "theta" : "0.35"
    },
    {
        "gateName": "Rotated Pauli Y gate",
        "qid": "yrot",
        "qasmid" : "ry",
        "description": "RY (Rotated Pauli Y gate) is a single-qubit rotation through an angle of π/2 around the y-axis.",
        "img" : "y_gate.svg",
        "theta" : "0.35"
    },
    {
        "gateName": "Rotated Pauli Z gate",
        "qid": "zrot",
        "qasmid" : "rz",
        "description": "RZ (Rotated Pauli Z gate) is a single-qubit rotation through an angle of π/2 around the z-axis.",
        "img" : "z_gate.svg",
        "theta" : "0.35"
    },
    {
        "gateName": "Hadamard gate",
        "qid": "hadamard",
        "qasmid" : "h",
        "description": "One qubit rotation, mapping the two qubit- basis states to two superposition states.",
        "img" : "h_gate.svg"
    },
    {
        "gateName": "Controlled NOT gate",
        "qid": "cnot",
        "qasmid" : "cx",
        "description": "CNOT or (Controlled Pauli-X) acts on 2 or more qubits.",
        "img" : "cnot_gate.svg",
        "q_control" : "",
        "q_target" : ""
    },
    {
        "gateName": "Measurement gate",
        "qid": "measure",
        "qasmid" : "measure",
        "description": "Used to observe the quantum state.",
        "img" : "measure_gate.svg"
    }
]
}